<?xml version="1.0" encoding="UTF-8"?>
<project-private xmlns="http://www.netbeans.org/ns/project-private/1">
    <editor-bookmarks xmlns="http://www.netbeans.org/ns/editor-bookmarks/2" lastBookmarkId="0"/>
    <open-files xmlns="http://www.netbeans.org/ns/projectui-open-files/2">
        <group>
            <file>file:/C:/Users/golro/Documents/Universidad/año%201/Modelos_de_Computacion/practica_ModelosDeComputacion/webcrawler/test/es/ceu/gisi/modcomp/webcrawler/testfiles/prueba4.html</file>
            <file>file:/C:/Users/golro/Documents/Universidad/año%201/Modelos_de_Computacion/practica_ModelosDeComputacion/webcrawler/src/es/ceu/gisi/modcomp/webcrawler/jflex/lexico/Token.java</file>
            <file>file:/C:/Users/golro/Documents/Universidad/año%201/Modelos_de_Computacion/practica_ModelosDeComputacion/webcrawler/test/es/ceu/gisi/modcomp/webcrawler/testfiles/prueba2.html</file>
            <file>file:/C:/Users/golro/Documents/Universidad/año%201/Modelos_de_Computacion/practica_ModelosDeComputacion/webcrawler/src/es/ceu/gisi/modcomp/webcrawler/scraper/WebScraper.java</file>
            <file>file:/C:/Users/golro/Documents/Universidad/año%201/Modelos_de_Computacion/practica_ModelosDeComputacion/webcrawler/src/es/ceu/gisi/modcomp/webcrawler/jsoup/JsoupScraper.java</file>
            <file>file:/C:/Users/golro/Documents/Universidad/año%201/Modelos_de_Computacion/practica_ModelosDeComputacion/webcrawler/test/es/ceu/gisi/modcomp/webcrawler/testfiles/intel.html</file>
            <file>file:/C:/Users/golro/Documents/Universidad/año%201/Modelos_de_Computacion/practica_ModelosDeComputacion/webcrawler/src/es/ceu/gisi/modcomp/webcrawler/app/WebCrawler.java</file>
            <file>file:/C:/Users/golro/Documents/Universidad/año%201/Modelos_de_Computacion/practica_ModelosDeComputacion/webcrawler/src/es/ceu/gisi/modcomp/webcrawler/jflex/lexico/Type.java</file>
            <file>file:/C:/Users/golro/Documents/Universidad/año%201/Modelos_de_Computacion/practica_ModelosDeComputacion/webcrawler/test/es/ceu/gisi/modcomp/webcrawler/testfiles/TestFiles.java</file>
            <file>file:/C:/Users/golro/Documents/Universidad/año%201/Modelos_de_Computacion/practica_ModelosDeComputacion/webcrawler/test/es/ceu/gisi/modcomp/webcrawler/testfiles/prueba3.html</file>
            <file>file:/C:/Users/golro/Documents/Universidad/año%201/Modelos_de_Computacion/practica_ModelosDeComputacion/webcrawler/src/es/ceu/gisi/modcomp/webcrawler/jflex/JFlexScraper.java</file>
            <file>file:/C:/Users/golro/Documents/Universidad/año%201/Modelos_de_Computacion/practica_ModelosDeComputacion/webcrawler/test/es/ceu/gisi/modcomp/webcrawler/testfiles/IBM%20-%20España.html</file>
        </group>
    </open-files>
</project-private>
